input_text,Answer,Sources,flag,username,timestamp
who is modi," I apologize, but the context text does not provide information about a person named Modi. Therefore, I cannot
answer the question.","docs\A1973-26.pdf
docs\A1973-26.pdf
docs\A1973-26.pdf
docs\A1973-26.pdf
docs\A1973-26.pdf",,,2023-09-19 23:04:49.507562
who is modi," I apologize, but the context text does not provide information about a person named Modi. Therefore, I cannot
answer the question.","docs\A1973-26.pdf
docs\A1973-26.pdf
docs\A1973-26.pdf
docs\A1973-26.pdf
docs\A1973-26.pdf",,,2023-09-19 23:04:52.276886
